,model,batch_size,epochs,dataset_size,time_to_train,time_to_retrain,time_to_predict,accuracy
0,RNN,128,1,15000,9.477669477462769,5.276978969573975,5.250550746917725,0.7055000066757202
1,FNN,128,1,15000,6.797463417053223,5.296792268753052,2.722102403640747,0.8894000053405762
2,CNN,128,1,15000,7.2180821895599365,5.326368093490601,5.308820724487305,0.9375
3,RNN,128,1,15600,7.741819620132446,3.239847183227539,5.284070730209351,0.761900007724762
4,FNN,128,1,15600,4.207211971282959,1.9520211219787598,1.5693845748901367,0.8795999884605408
5,CNN,128,1,15600,7.662665128707886,3.689589262008667,2.018336057662964,0.9289000034332275
6,RNN,128,1,16200,10.793903112411499,5.304632186889648,3.2920191287994385,0.7738999724388123
7,FNN,128,1,16200,7.006702899932861,2.801156520843506,2.682981014251709,0.8878999948501587
